Course Code,Course Title,Cr Hrs,Session,Day and Time,Instructor(s),Instructions Mode
ACCT 100 LEC 1,Principles of Financial Accounting,3,16W,MW 11:00AM-12:15PM,Ayesha Bhatti,In Person/On-campus
ACCT 100 LEC 2,Principles of Financial Accounting,3,16W,MW 8:00AM-9:15AM,Ayesha Bhatti,In Person/On-campus
ACCT 100 LEC 3,Principles of Financial Accounting,3,16W,MW 3:30PM-4:45PM,Ayesha Bhatti,In Person/On-campus
ACCT 100 LEC 4,Principles of Financial Accounting,3,16W,MW 2:00PM-3:15PM,Ayesha Bhatti,In Person/On-campus
ACCT 100 LEC 5,Principles of Financial Accounting,3,16W,TR 11:00AM-12:15PM,Zainab Mehmood,Remote/Online
ACCT 100 LEC 6,Principles of Financial Accounting,3,16W,TR 9:30AM-10:45AM,Zainab Mehmood,Remote/Online
ACCT 130 LEC 1,Principles of Management Accounting,3,16W,TR 11:00AM-12:15PM,Mahin Moazzam,Remote/Online
ACCT 130 LEC 2,Principles of Management Accounting,3,16W,TR 3:30PM-4:45PM,Mahin Moazzam,Remote/Online
ACCT 130 LEC 3,Principles of Management Accounting,3,16W,MW 11:00AM-12:15PM,Saira Rizwan,In Person/On-campus
ACCT 130 LEC 4,Principles of Management Accounting,3,16W,TR 3:30PM-4:45PM,Saira Rizwan,In Person/On-campus
ACCT 130 LEC 5,Principles of Management Accounting,3,16W,MW 6:30PM-7:45PM,Omair Haroon,In Person/On-campus
ACCT 130 LEC 6,Principles of Management Accounting,3,16W,MW 8:00PM-9:15PM,Omair Haroon,In Person/On-campus
ACCT 202 LEC 1,"Theory & Concepts of Accounting - Islamic
Perspective",3,16W,MW 9:30AM-10:45AM,Abdul Rauf,Remote/Online
ACCT 220 LEC 1,Corporate Financial Reporting-I,3,16W,TR 9:30AM-10:45AM,Atifa Arif Dar,Remote/Online
ACCT 220 LEC 2,Corporate Financial Reporting-I,3,16W,TR 11:00AM-12:15PM,Samia Ahmed Ali,In Person/On-campus
ACCT 370 LEC 1,Applied Taxation,3,16W,TR 11:00AM-12:15PM,Huzaima Bukhari,In Person/On-campus
ACCT 370 LEC 2,Applied Taxation,3,16W,TR 11:00AM-12:15PM,Rabia Saleem,Remote/Online
ACCT 411 LEC 1,Applied Financial Analysis,3,16W,TR 3:30PM-4:45PM,Atifa Arif Dar,In Person/On-campus
ACF 2101 LEC 1,Introduction to Finance and Accounting,1.5,"MS-
SDSB(10D)",MTWRF 2:30PM-4:20PM,TBA,Remote/Online
ACF 2101 LEC 2,Introduction to Finance and Accounting,1.5,"MS-
SDSB(10D)",MTWRF 4:45PM-6:35PM,TBA,Remote/Online
ACF 5101 LEC 1,Financial Management and Accounting,3,16W,MW 11:05AM-1:10PM,Asad Alam,In Person/On-campus
ACF 5101 LEC 1,Financial Management and Accounting,3,16W,MW 11:05AM-1:10PM,Syed Mubashir Ali,In Person/On-campus
ANTH 100 LEC 1,Introduction to Cultural Anthropology,4,16W,TR 6:30PM-8:20PM,Lukas Albert Paul Werth,In Person/On-campus
ANTH 100 LEC 2,Introduction to Cultural Anthropology,4,16W,TR 12:00PM-1:50PM,Sadaf Ahmad,Remote/Online
ANTH 237 LEC 1,Economic Anthropology: An Introduction,4,16W,TR 6:30PM-8:20PM,Syeedda Anjum Ara Alvi,In Person/On-campus
ANTH 242 LEC 1,Anthropology of Law,4,16W,MW 10:00AM-11:50AM,TBA,Remote/Online
ANTH 246 LEC 1,Political Ecology,4,16W,MW 12:00PM-1:50PM,Melinda Gurr,Remote/Online
ANTH 276 LEC 1,Anthropology of Social Media,4,16W,MW 4:30PM-6:20PM,Rabia Kamal,Remote/Online
ANTH 363 LEC 1,"Muslim Veiling: The Struggle for Identities in
Diasporas",4,16W,MW 6:30PM-8:20PM,Syeedda Anjum Ara Alvi,In Person/On-campus
ANTH 464 LEC 1,Children Of Abraham,4,16W,TR 1:30PM-3:20PM,Lukas Albert Paul Werth,In Person/On-campus
REL 453 w/ ANTH 464,Children Of Abraham,4,,,,
BIO 216 LEC 1,Molecular Biology,3,16W,TR 12:00PM-1:15PM,"Muhammad Shoaib,
Muhammad Tariq",In Person/On-campus
BIO 221 LEC 1,Genetics,4,16W,TR 9:00AM-10:50AM,"Khurram Bashir, Muhammad
Tariq",In Person/On-campus
BIO 300 LAB 1,Methods in Cell and Molecular Biology,4,16W,MWF 9:00AM-9:50AM,"Amir Faisal, Aziz Mithani,
Syed Shahzad ul Hussan,
Muhammad Tariq, Shaper
Mirza",In Person/On-campus
BIO 300 LAB 1a,Methods in Cell and Molecular Biology,4,16W,MWF 10:00AM-12:50PM,"Amir Faisal, Aziz Mithani,
Syed Shahzad ul Hussan,
Muhammad Tariq, Shaper
Mirza",In Person/On-campus
BIO 500 w/ BIO 300,Advanced Methods in Biology,4,,,,
BIO 313 LEC 1,Cell Biology,3,16W,TR 11:00AM-12:15PM,Khurram Bashir,In Person/On-campus
BIO 313 LEC 1,Cell Biology,3,16W,TR 11:00AM-12:15PM,Amir Faisal,In Person/On-campus
BIO 331 LEC 1,Computational Biology II,3,16W,MW 3:00PM-4:15PM,Aziz Mithani,In Person/On-campus
BIO 331 LEC 1,Computational Biology II,3,16W,MW 3:00PM-4:15PM,Safee Ullah Chaudhary,In Person/On-campus
CS 330 w/ BIO 331,Computational Biology II,3,,,,
BIO 401 SEM 1,Seminars in Biology,1,16W,R 11:00AM-11:50AM,Shaper Mirza,In Person/On-campus
BIO 403 LEC 1,"Critical thinking, Scientific Writing and Ethics",3,16W,MW 4:00PM-5:15PM,"Khurram Bashir, Muhammad
Shoaib",In Person/On-campus
BIO 511 LEC 1,Fundamentals of Molecular Techniques,3,16W,TR 9:30AM-10:45AM,"Muhammad Afzal,
Muhammad Shoaib",In Person/On-campus
BIO 513 LEC 1,Biophysical Techniques,3,16W,MW 3:00PM-4:15PM,Syed Shahzad ul Hussan,In Person/On-campus
BIO 516 LEC 1,Advanced Molecular & Cell Biology,3,16W,MW 1:30PM-2:45PM,"Muhammad Afzal, Shaper
Mirza",In Person/On-campus
BIO 517 LEC 1,Molecular Mechanisms of Bacterial Pathagenesis,3,16W,TR 1:30PM-2:45PM,Shaper Mirza,In Person/On-campus
BIO 522 LEC 1,Topics in Cancer Biology,3,16W,TR 4:30PM-5:45PM,"Amir Faisal, Muhammad
Afzal",In Person/On-campus
BIO 531 LEC 1,Computational Biology,3,16W,TR 3:00PM-4:15PM,Aziz Mithani,In Person/On-campus
BIO 5311 LEC 1,Advanced Biostatistics,3,16W,TR 12:00PM-1:15PM,Safee Ullah Chaudhary,In Person/On-campus
CHE 210 LEC 1,Physical Chemistry,3,16W,TR 3:30PM-4:45PM,Falak Sher,In Person/On-campus
CHE 221 LEC 1,Numerical Methods for Engineers,3,16W,MW 2:30PM-3:45PM,Rofice Dickson,In Person/On-campus
CHE 260 LEC 1,Principles of Chemical Engineering,3,16W,TR 2:00PM-3:15PM,Qasim Imtiaz,In Person/On-campus
CHE 312 LEC 1,Fundamentals of Environmental Engineering,3,16W,TR 3:30PM-4:45PM,Sana Ahmad Minhas,In Person/On-campus
CHE 320 LEC 1,Separation Processes,3,16W,TR 11:00AM-12:15PM,Ali Rauf,In Person/On-campus
CHE 330 LEC 1,Math Methods in Chemical Engineering II,3,16W,MW 9:00AM-10:15AM,Rofice Dickson,In Person/On-campus
CHE 340 LEC 1,Transport Phenomena I,3,16W,TR 9:30AM-10:45AM,Qasim Imtiaz,In Person/On-campus
CHE 400 LAB 1,Chemical Engineering Lab â€“ III,2,16W,M 8:00AM-1:50PM,Ali Rauf,In Person/On-campus
CHE 422 LEC 1,Chemical Process Safety,3,16W,WF 5:00PM-6:15PM,Sana Ahmad Minhas,In Person/On-campus
CHE 430 LEC 1,Chemical Process Control,3,16W,TR 12:30PM-1:45PM,Muhammad Shoaib,In Person/On-campus
CHE 440 LEC 1,Chemical Process Design â€“ I,3,16W,M 3:30PM-4:20PM,Qasim Imtiaz,In Person/On-campus
CHEM 101 LEC 1,Principles of Chemistry,3,16W,MW 4:00PM-5:15PM,Basit Yameen,Remote/Online
CHEM 221 LEC 1,Molecular Symmetry I,3,16W,TR 2:30PM-3:45PM,Ghayoor Abbas Chotana,In Person/On-campus
PHY 335 w/ CHEM 221,Molecular Symmetry I,3,,,,
CHEM 231 LEC 1,Fundamentals of Organic Chemistry,3,16W,MW 5:00PM-6:15PM,Irshad Hussain,In Person/On-campus
CHEM 314 LEC 1,Quantum Chemistry,3,16W,TR 12:30PM-1:45PM,Habib-ur- Rehman,In Person/On-campus
CHEM 324 LEC 1,Inorganic Chemistry I,3,16W,TR 10:00AM-11:15AM,Muhammad Zaheer,In Person/On-campus
CHEM 332 LEC 1,Chemistry of the Organic Functional Groups,3,16W,WF 5:00PM-6:15PM,Rahman Shah Zaib Saleem,In Person/On-campus
CHEM 342 LEC 1,Analytical Chemistry I,3,16W,TR 8:00AM-9:15AM,Muhammad Saeed,In Person/On-campus
CHEM 342 LEC 1,Analytical Chemistry I,3,16W,TR 8:00AM-9:15AM,Muhammad Zaheer,In Person/On-campus
CHEM 542 w/ CHEM 342,Experimental Methods of Analysis,3,,,,
CHEM 410 LAB 1,Physical Chemistry Lab,2,16W,W 11:30AM-5:20PM,Salman Noshear Arshad,In Person/On-campus
CHEM 430 LAB 1,Organic Chemistry Lab II,2,16W,F 8:00AM-1:50PM,Muhammad Saeed,In Person/On-campus
CHEM 516 LEC 1,Characterization Techniques for Materials,3,16W,MW 9:00AM-10:15AM,Salman Noshear Arshad,In Person/On-campus
CHEM 521 LEC 1,Advanced Inorganic Chemistry-I,3,16W,TR 12:30PM-1:45PM,Ghayoor Abbas Chotana,In Person/On-campus
CHEM 531 LEC 1,Advanced Organic Chemistry-I,3,16W,MW 12:30PM-1:45PM,Irshad Hussain,In Person/On-campus
CHEM 532 LEC 1,Chemistry of Biomolecule,3,16W,TR 2:00PM-3:15PM,Muhammad Saeed,In Person/On-campus
CHEM 721 LEC 1,Selected Topics in Inorganic Chemistry,3,16W,MW 10:30AM-11:45AM,Ghayoor Abbas Chotana,In Person/On-campus
CHEM 731 LEC 1,Selected Topics in Organic Chemistry,3,16W,TR 10:00AM-11:15AM,Irshad Hussain,In Person/On-campus
CLCS 1000 LEC 1,Engaging with Texts and Context: Stories of,4,16W,TR 4:30PM-6:20PM,"Noor Habib, Zebunnisa",In Person/On-campus
Home and Displacement,"Hamid, Gwendolyn Sarah",,,,,
"Kirk, Maryam Wasif Khan,",,,,,,
"Fatima Fayyaz, Bilal Tanweer,",,,,,,
Zahid Hussain,,,,,,
CLCS 1122 LEC 1,The Art of Reading and Writing Urdu,4,16W,WF 2:00PM-3:50PM,Zahid Hussain,Remote/Online
CLCS 2112 SEM 1,"Intro to Modern World Poetry: Margins,
Crossings, Translation",4,16W,MW 2:00PM-3:50PM,Noor Habib,Remote/Online
CLCS 2116 LEC 1,Shahnameh: The Story of Our World,4,16W,TR 2:00PM-3:50PM,Fatima Fayyaz,In Person/On-campus
CLCS 2119 LEC 1,Mechanics of Fiction,4,16W,WF 2:00PM-3:50PM,Bilal Tanweer,Remote/Online
CLCS 2122 LEC 1,"Urdu Afsana: Manto, Bedi aur Ghulam Abbas kay
Afsanon ka Khususi Muta'ala",4,16W,TR 6:30PM-8:20PM,Zia ul Hassan,In Person/On-campus
CLCS 2214 LEC 1,Mechanics of Film,4,16W,TR 2:00PM-3:50PM,Zebunnisa Hamid,Remote/Online
CLCS 2413 LEC 1,Culture After Empire,4,16W,WF 2:00PM-3:50PM,Maryam Wasif Khan,Remote/Online
CLCS 2415 LEC 1,"Language, Culture and Society",4,16W,MW 4:30PM-6:20PM,Gwendolyn Sarah Kirk,Remote/Online
ANTH 267 w/ CLCS 2415,"Language, Culture and Society",4,,,,
CLCS 2514 LEC 1,Qavvali,4,16W,WF 4:30PM-6:20PM,Ghulam Moeenuddin Nizami,Remote/Online
REL 234 w/ CLCS 2514,Qavvali,4,,,,
CLCS 3124 LEC 1,Post-Colonial Thought in Urdu Literature,4,16W,WF 2:00PM-3:50PM,Nasir Abbas,In Person/On-campus
CS 100 LEC 1,Computational Problem Solving,3,16W,TR 11:30AM-12:20PM,Shafay Shamail,Remote/Online
CS 100 LAB 1,Computational Problem Solving,3,16W,W 11:00AM-1:50PM,Shafay Shamail,Remote/Online
CS 100 LEC 2,Computational Problem Solving,3,16W,TR 11:30AM-12:20PM,Maryam Mustafa,Remote/Online
CS 100 LAB 2,Computational Problem Solving,3,16W,W 11:00AM-1:50PM,Maryam Mustafa,Remote/Online
CS 100 LEC 3,Computational Problem Solving,3,16W,WF 9:30AM-10:20AM,Shafay Shamail,Remote/Online
CS 100 LAB 3,Computational Problem Solving,3,16W,M 11:00AM-1:50PM,Shafay Shamail,Remote/Online
CS 100 LEC 4,Computational Problem Solving,3,16W,WF 9:30AM-10:20AM,Maryam Mustafa,Remote/Online
CS 100 LAB 4,Computational Problem Solving,3,16W,M 11:00AM-1:50PM,Maryam Mustafa,Remote/Online
CS 200 LEC 1,Introduction to Programming,4,16W,TR 6:30PM-7:45PM,Naveed Arshad,In Person/On-campus
CS 200 LAB 1,Introduction to Programming,4,16W,F 2:30PM-5:20PM,Naveed Arshad,In Person/On-campus
CS 200 LEC 2,Introduction to Programming,4,16W,WF 8:00AM-9:15AM,Mian Muhammad Awais,Remote/Online
CS 200 LAB 2,Introduction to Programming,4,16W,R 8:00AM-10:50AM,Mian Muhammad Awais,In Person/On-campus
EE 201 w/ CS 200,Introduction to Programming,4,,,,
CS 202 LEC 1,Data Structures,3,16W,MW 3:30PM-4:45PM,Shafay Shamail,In Person/On-campus
EE 202 w/ CS 202,Data Structures,3,,,,
CS 210 LEC 1,Discrete Mathematics,4,16W,TR 4:00PM-5:50PM,Imdad ullah khan,In Person/On-campus
CS 210 LEC 2,Discrete Mathematics,4,16W,MW 6:30PM-8:20PM,TBA,In Person/On-campus
MATH 252 w/ CS 210,Discrete Mathematics,4,,,,
CS 225 LEC 1,Fundamentals of Computer Systems,4,16W,MW 12:00PM-1:50PM,Agha Ali Raza,Remote/Online
CS 225 LEC 2,Fundamentals of Computer Systems,4,16W,MW 10:00AM-11:50AM,Basit Shafiq,Remote/Online
CS 310 LEC 1,Algorithms,3,16W,MW 9:30AM-10:45AM,Junaid Haroon Siddiqui,Remote/Online
CS 334 LEC 1,Principles and Techniques of Data Science,3,16W,WF 3:00PM-4:15PM,Ihsan Ayyub Qazi,Remote/Online
EE 402 w/ CS 334,Principles and Techniques of Data Science,3,,,,
CS 340 LEC 1,Databases,3,16W,MW 6:30PM-7:45PM,"Naveed Arshad, Nasir
Mehmood",In Person/On-campus
CS 340 LEC 2,Databases,3,16W,MW 8:00PM-9:15PM,"Naveed Arshad, Nasir
Mehmood",In Person/On-campus
CS 370 LEC 1,Operating Systems,3,16W,MW 12:30PM-1:45PM,Basit Shafiq,Remote/Online
CS 436 LEC 1,Computer Vision Fundamentals,3,16W,TR 11:00AM-12:15PM,Murtaza Taj,In Person/On-campus
CS 5310 w/ CS 436,Computer Vision Fundamentals,3,,,,
EE 513 w/ CS 436,Computer Vision Fundamentals,3,,,,
CS 452 LEC 1,Computer Graphics,3,16W,TR 3:30PM-4:45PM,Murtaza Taj,In Person/On-campus
CS 466 LEC 1,Human Computer Interaction,3,16W,TR 2:00PM-3:15PM,Suleman Shahid,In Person/On-campus
CS 5613 w/ CS 466,Human Computer Interaction Design,3,,,,
CS 501 LEC 1,Applied Probability,3,16W,WF 8:00AM-9:15AM,Zartash Afzal Uzmi,Remote/Online
EE 515 w/ CS 501,Applied Probability,3,,,,
MATH 439 w/ CS 501,Applied Probability,3,,,,
CS 510 LEC 1,Design and Analysis of Algorithms,3,16W,MW 3:30PM-4:45PM,Imdad ullah khan,In Person/On-campus
CS 535 LEC 1,Machine Learning,3,16W,TR 9:30AM-10:45AM,Agha Ali Raza,Remote/Online
EE 514 w/ CS 535,Machine Learning,3,,,,
CS 582 LEC 1,Distributed Systems,3,16W,MW 12:30PM-1:45PM,Zafar Ayyub Qazi,Remote/Online
CS 636 LEC 1,Topics in Data Mining Research,3,16W,TR 4:00PM-5:15PM,Asim Karim,In Person/On-campus
CS 6712 LEC 1,Internet Measurements,3,16W,WF 9:30AM-10:45AM,Mobin Javed,Remote/Online
CS 682 LEC 1,Topics in Computer and Network Security,3,16W,TR 12:30PM-1:45PM,Junaid Haroon Siddiqui,In Person/On-campus
CS 682 LEC 1,Topics in Computer and Network Security,3,16W,TR 12:30PM-1:45PM,Muhammad Fareed Zaffar,In Person/On-campus
DISC 203 LEC 1,Probability and Statistics,3,16W,MW 9:30AM-10:45AM,Meher Alam,In Person/On-campus
DISC 203 LEC 2,Probability and Statistics,3,16W,MW 11:00AM-12:15PM,Meher Alam,In Person/On-campus
DISC 203 LEC 3,Probability and Statistics,3,16W,WF 9:30AM-10:45AM,Fahad Mehmood,Remote/Online
DISC 203 LEC 4,Probability and Statistics,3,16W,WF 2:00PM-3:15PM,Fahad Mehmood,Remote/Online
DISC 212 LEC 1,Introduction to Management Science,3,16W,MW 2:00PM-3:15PM,Muhammad Adeel Zaffar,Remote/Online
DISC 212 LEC 2,Introduction to Management Science,3,16W,MW 11:00AM-12:15PM,Muhammad Adeel Zaffar,Remote/Online
DISC 212 LEC 3,Introduction to Management Science,3,16W,MW 3:30PM-4:45PM,Muhammad Adeel Zaffar,Remote/Online
DISC 212 LEC 4,Introduction to Management Science,3,16W,MW 5:00PM-6:15PM,Muhammad Tayyab,In Person/On-campus
DISC 231 LEC 1,Operations Management,3,16W,TR 2:00PM-3:15PM,Muhammad Imran Siddique,Remote/Online
DISC 320 LEC 1,Qualitative & Quantitative Methods in Business,3,16W,MW 12:30PM-1:45PM,Muhammad Imran Siddique,Remote/Online
DISC 320 LEC 2,Qualitative & Quantitative Methods in Business,3,16W,TR 11:00AM-12:15PM,Raja Usman Khalid,In Person/On-campus
DISC 321 LEC 1,Decision Analysis,4,16W,TR 12:30PM-2:20PM,Muhammad Tayyab,In Person/On-campus
DISC 321 LEC 2,Decision Analysis,4,16W,TR 4:00PM-5:50PM,Muhammad Tayyab,Remote/Online
DISC 322 LEC 1,Optimization Methods in Management Science,3,16W,MW 11:00AM-12:15PM,Kamran Rashid,Remote/Online
DISC 323 LEC 1,Decision Behaviour,3,16W,MW 3:30PM-4:45PM,TBA,Remote/Online
DISC 325 LEC 1,Business Data Management,3,16W,TR 9:30AM-10:45AM,Ussama Yaqub,Remote/Online
DISC 326 LEC 1,Data Science for Decision Making,3,16W,TR 12:30PM-1:45PM,Salma Zaman,Remote/Online
DISC 326 LEC 2,Data Science for Decision Making,3,16W,TR 2:30PM-3:45PM,Salma Zaman,Remote/Online
DISC 331 LEC 1,Project Management,3,16W,MW 5:00PM-6:15PM,Zehra Waheed,Remote/Online
DISC 333 LEC 1,Supply Chain & Logistics Management,3,16W,MW 9:30AM-10:45AM,Raja Usman Khalid,Remote/Online
DISC 333 LEC 2,Supply Chain & Logistics Management,3,16W,MW 2:00PM-3:15PM,Raja Usman Khalid,Remote/Online
DISC 420 LEC 1,Business Analytics,3,16W,MW 12:30PM-1:45PM,Zainab Riaz,Remote/Online
DISC 7005 LEC 1,Applied Statistics,3,16W,F 3:00PM-6:00PM,TBA,In Person/On-campus
DISC 8301 LEC 1,Seminar in Operations & Supply Chain Strategy,3,16W,R 1:00PM-4:00PM,TBA,In Person/On-campus
ECON 100 LEC 1,Principles of Economics,4,16W,TR 4:00PM-5:50PM,Daud Ahmed Dard,Remote/Online
ECON 100 LEC 2,Principles of Economics,4,16W,MW 10:30AM-12:20PM,Nadia Mukhtar Sayed,Remote/Online
ECON 111 LEC 1,Principles of Microeconomics,4,16W,TR 5:00PM-6:15PM,"Ali Cheema, Faisal Bari,
Verda Arif",Remote/Online
ECON 111 RAC 1,Principles of Microeconomics,4,16W,T 3:00PM-3:50PM,Verda Arif,Remote/Online
ECON 111 RAC 2,Principles of Microeconomics,4,16W,M 8:00AM-8:50AM,Verda Arif,Remote/Online
ECON 111 RAC 3,Principles of Microeconomics,4,16W,M 10:00AM-10:50AM,Verda Arif,Remote/Online
ECON 111 LEC 2,Principles of Microeconomics,4,16W,MW 8:00AM-9:15AM,"Rashid Memon, Muhammad
Raza Mustafa Khan",Remote/Online
ECON 111 RAC 4,Principles of Microeconomics,4,16W,M 11:00AM-11:50AM,"Muhammad Raza Mustafa
Khan",Remote/Online
ECON 111 RAC 5,Principles of Microeconomics,4,16W,M 12:00PM-12:50PM,"Muhammad Raza Mustafa
Khan",Remote/Online
ECON 111 RAC 6,Principles of Microeconomics,4,16W,M 10:00AM-10:50AM,"Muhammad Raza Mustafa
Khan",Remote/Online
ECON 111 LEC 3,Principles of Microeconomics,4,16W,TR 12:00PM-1:15PM,"Lyyla Khalid, Noor Adnan
Qureshi",Remote/Online
ECON 111 RAC 7,Principles of Microeconomics,4,16W,W 2:00PM-2:50PM,Noor Adnan Qureshi,Remote/Online
ECON 111 RAC 8,Principles of Microeconomics,4,16W,W 12:00PM-12:50PM,Noor Adnan Qureshi,Remote/Online
ECON 111 RAC 9,Principles of Microeconomics,4,16W,W 11:00AM-11:50AM,Noor Adnan Qureshi,Remote/Online
ECON 121 LEC 1,Principles of Macroeconomics,4,16W,TR 12:30PM-1:45PM,"Kashif Zaheer Malik, Verda
Arif",Remote/Online
ECON 121 RAC 1,Principles of Macroeconomics,4,16W,M 9:00AM-9:50AM,Verda Arif,Remote/Online
ECON 121 RAC 2,Principles of Macroeconomics,4,16W,T 4:00PM-4:50PM,Verda Arif,Remote/Online
ECON 121 RAC 3,Principles of Macroeconomics,4,16W,M 11:00AM-11:50AM,Verda Arif,Remote/Online
ECON 121 LEC 2,Principles of Macroeconomics,4,16W,TR 3:00PM-4:15PM,Anum Fatima,Remote/Online
ECON 121 RAC 4,Principles of Macroeconomics,4,16W,W 3:00PM-3:50PM,Anum Fatima,Remote/Online
ECON 121 RAC 5,Principles of Macroeconomics,4,16W,W 2:00PM-2:50PM,Anum Fatima,Remote/Online
ECON 121 RAC 6,Principles of Macroeconomics,4,16W,R 2:00PM-2:50PM,Anum Fatima,Remote/Online
ECON 121 LEC 3,Principles of Macroeconomics,4,16W,MW 6:30PM-7:45PM,TBA,In Person/On-campus
ECON 121 RAC 7,Principles of Macroeconomics,4,16W,F 8:00AM-8:50AM,Rabia Khan,Remote/Online
ECON 121 RAC 8,Principles of Macroeconomics,4,16W,M 8:00AM-8:50AM,Rabia Khan,Remote/Online
ECON 121 RAC 9,Principles of Macroeconomics,4,16W,F 10:00AM-10:50AM,Rabia Khan,Remote/Online
ECON 202 LEC 1,Readings in Economics,4,16W,MW 11:00AM-12:50PM,Khalid Mir,Remote/Online
ECON 211 LEC 1,Intermediate Microeconomics,4,16W,MW 10:00AM-11:50AM,"Syed Muhammad Hasan,
Rabia Khan",Remote/Online
ECON 211 LEC 2,Intermediate Microeconomics,4,16W,MW 8:00AM-9:50AM,Mushtaq Ahmad Khan,Remote/Online
ECON 221 LEC 1,Intermediate Macroeconomics,4,16W,TR 10:00AM-11:50AM,Anum Fatima,Remote/Online
ECON 221 LEC 1,Intermediate Macroeconomics,4,16W,TR 10:00AM-11:50AM,Antonio Marasco,Remote/Online
ECON 221 LEC 2,Intermediate Macroeconomics,4,16W,MW 6:30PM-8:20PM,Syed Zahid Ali,In Person/On-campus
ECON 230 LEC 1,Statistics and Data Analysis,4,16W,TR 1:30PM-3:00PM,Usman Elahi,Remote/Online
ECON 230 LEC 1,Statistics and Data Analysis,4,16W,TR 1:30PM-3:00PM,Maham Khalid,Remote/Online
ECON 230 LAB 1,Statistics and Data Analysis,4,16W,M 9:00AM-9:50AM,Maham Khalid,Remote/Online
ECON 230 LAB 2,Statistics and Data Analysis,4,16W,M 11:00AM-11:50AM,Maham Khalid,Remote/Online
ECON 230 LEC 2,Statistics and Data Analysis,4,16W,TR 11:30AM-1:00PM,Usman Elahi,Remote/Online
ECON 230 LEC 2,Statistics and Data Analysis,4,16W,TR 11:30AM-1:00PM,Maham Khalid,Remote/Online
ECON 230 LAB 3,Statistics and Data Analysis,4,16W,R 10:00AM-10:50AM,Maham Khalid,Remote/Online
ECON 230 LAB 4,Statistics and Data Analysis,4,16W,M 10:00AM-10:50AM,Maham Khalid,Remote/Online
ECON 230 LEC 3,Statistics and Data Analysis,4,16W,TR 8:00AM-9:30AM,"Muhammad Raza Mustafa
Khan",Remote/Online
ECON 230 LAB 5,Statistics and Data Analysis,4,16W,M 5:00PM-5:50PM,"Muhammad Raza Mustafa
Khan",Remote/Online
ECON 230 LAB 6,Statistics and Data Analysis,4,16W,M 3:00PM-3:50PM,"Muhammad Raza Mustafa
Khan",Remote/Online
ECON 233 LEC 1,Introduction to Game Theory,4,16W,TR 4:00PM-5:50PM,Lyyla Khalid,Remote/Online
ECON 233 LEC 2,Introduction to Game Theory,4,16W,TR 12:00PM-1:50PM,Sher Afghan Asad,Remote/Online
MATH 232 w/ ECON 233,Introduction to Game Theory,4,,,,
ECON 240 LEC 1,Development Economics,4,16W,TR 10:30AM-12:20PM,Nadia Mukhtar Sayed,Remote/Online
ECON 247 LEC 1,Sectors and Policy in Development,4,16W,WF 9:30AM-11:20AM,Hadia Majid,Remote/Online
ECON 262 LEC 1,Mathematical Applications in Economics,4,16W,TR 2:00PM-3:50PM,Sanval Nasim,Remote/Online
ECON 262 LEC 2,Mathematical Applications in Economics,4,16W,TR 4:00PM-5:50PM,Sanval Nasim,Remote/Online
ECON 3110 LEC 1,Economics of Organizations and Management,4,16W,TR 12:00PM-1:50PM,Daud Ahmed Dard,Remote/Online
ECON 3113 LEC 1,Labor Economics,4,16W,TR 8:00AM-9:50AM,Adeel Tariq,Remote/Online
ECON 314 LEC 1,Law and Economics,4,16W,TR 2:00PM-3:50PM,Syed Ali Hasanain,Remote/Online
ECON 330 LEC 1,Econometrics,4,16W,TR 10:00AM-11:30AM,Attique Ur Rehman,Remote/Online
ECON 330 LEC 1,Econometrics,4,16W,TR 10:00AM-11:30AM,Muhammad Farooq Naseer,Remote/Online
ECON 330 LAB 1,Econometrics,4,16W,T 8:00AM-8:50AM,Attique Ur Rehman,Remote/Online
ECON 330 LAB 2,Econometrics,4,16W,W 8:00AM-8:50AM,Attique Ur Rehman,Remote/Online
ECON 330 LEC 2,Econometrics,4,16W,MW 10:00AM-11:30AM,Attique Ur Rehman,Remote/Online
ECON 330 LEC 2,Econometrics,4,16W,MW 10:00AM-11:30AM,Adeel Tariq,Remote/Online
ECON 330 LAB 3,Econometrics,4,16W,R 8:00AM-8:50AM,Attique Ur Rehman,Remote/Online
ECON 330 LAB 4,Econometrics,4,16W,F 8:00AM-8:50AM,Attique Ur Rehman,Remote/Online
ECON 425 LEC 1,Applied Macroeconomics,4,16W,TR 4:00PM-5:50PM,Kashif Zaheer Malik,Remote/Online
ECON 4410 LEC 1,Issues in Economic Policy,4,16W,MW 9:00AM-10:50AM,Nazish Afraz,Remote/Online
ECON 4410 LEC 1,Issues in Economic Policy,4,16W,MW 9:00AM-10:50AM,Ijaz Nabi,Remote/Online
ECON 4416 LEC 1,Advanced Urban Economics,4,16W,MW 12:00PM-1:50PM,Syed Muhammad Hasan,Remote/Online
ECON 444 LEC 1,Institutional Economics,4,16W,MW 4:00PM-5:50PM,Saher Asad,Remote/Online
ECON 449 LEC 1,Philosophy and Economics,4,16W,MW 2:00PM-3:50PM,Khalid Mir,In Person/On-campus
ECON 454 LEC 1,Trade and Development,4,16W,TR 10:00AM-11:50AM,S.M. Turab Hussain,Remote/Online
ECON 511 LEC 1,Microeconomic Analysis,4,16W,MW 9:00AM-10:50AM,TBA,Remote/Online
ECON 531 LEC 1,Econometrics and Research Methodology I,4,16W,TR 10:00AM-11:50AM,Mushtaq Ahmad Khan,In Person/On-campus
ECON 536 LEC 1,Topics in Mathematical Method for Economists,4,16W,TR 1:30PM-3:20PM,Syed Zahid Ali,In Person/On-campus
EDU 210 LEC 1,Critical Debates in Education,3,16W,MW 3:00PM-4:15PM,Faisal Bari,In Person/On-campus
EDU 210 LEC 1,Critical Debates in Education,3,16W,MW 3:00PM-4:15PM,Joham Aziz,In Person/On-campus
EDU 214 LEC 1,"Introduction to the Arts in Education in South
Asia",3,16W,TR 11:00AM-12:15PM,Razia Iram Sadik,In Person/On-campus
EDU 272 LEC 1,"Education, Schools and Violence",3,16W,TR 4:00PM-5:15PM,Joham Aziz,In Person/On-campus
EDU 274 LEC 1,Gender Media and Education,3,16W,MW 9:00AM-10:15AM,Hasham Nasir,In Person/On-campus
EDU 317 LEC 1,"Civic Engagement and Global Citizenship
Education",3,16W,TR 11:00AM-12:15PM,Hiba Iqbal Zakai,In Person/On-campus
EDU 3212 LEC 1,"Transforming Teaching and Learning through
Student-Faculty Partnership",3,16W,MW 5:00PM-6:15PM,Launa Gauthier,In Person/On-campus
EDU 3213 LEC 1,Education for All,3,16W,MW 2:00PM-3:15PM,Mariam Haider,In Person/On-campus
EDU 328 LEC 1,"Educational Technology and the Learning
Sciences",3,16W,TR 9:00AM-10:15AM,Yasira Waqar,In Person/On-campus
EDU 343 LEC 1,Educational Leadership beyond Schools,3,16W,MW 11:00AM-12:15PM,Mehreen Noon,In Person/On-campus
EDU 357 LEC 1,Planning for Education Development,3,16W,TR 9:00AM-10:15AM,Rimshaw Khan,In Person/On-campus
EDU 363 LEC 1,Could Education be Bad for Society?,3,16W,R 1:00PM-3:50PM,Bilal Ahsan Malik,In Person/On-campus
EDU 453 LEC 1,Politics of Education Reform,3,16W,TR 11:00AM-12:15PM,Soufia Anis Siddiqi,In Person/On-campus
EDU 510 LEC 1,"Interdisciplinary Theoretical Perspectives on
Education",3,16W,TR 2:00PM-3:15PM,Tayyaba Tamim,Remote/Online
EDU 540 LEC 1,Leadership: The Politics of Change,3,16W,MW 2:00PM-3:15PM,Mariam Chughtai,Remote/Online
EDU 560 LEC 1,Research Methods,3,16W,MW 9:00AM-10:15AM,Soufia Anis Siddiqi,In Person/On-campus
EDU 590 FLD 1,Observing Schools,1,16W,F 8:00AM-1:50PM,Daniyal Yousaf,Remote/Online
EDU 614 LEC 1,Reconceptualizing Curriculum with the Arts,3,16W,T 3:30PM-6:20PM,Razia Iram Sadik,In Person/On-campus
EDU 622 LEC 1,"Educatorsâ€TM Seminar Series: Special Topics in
Teaching and Learning",3,16W,F 2:00PM-4:50PM,Launa Gauthier,In Person/On-campus
EDU 623 LEC 1,"Effective Teaching and Learning in Higher
Education",3,16W,MW 11:00AM-12:15PM,Mariam Haider,In Person/On-campus
EDU 690 LEC 1,Practicum Proseminar,3,16W,R 10:30AM-1:20PM,Mariam Chughtai,Remote/Online
EDU 690 LEC 2,Practicum Proseminar,3,16W,R 10:30AM-1:20PM,Qaisar Khan,Remote/Online
EDU 690 LEC 3,Practicum Proseminar,3,16W,R 10:30AM-1:20PM,Gulab Khan,Remote/Online
EDU 693 LEC 1,Academic Writing,1,16W,T 9:00AM-9:50AM,Sannia Hussain,In Person/On-campus
EDU 693 LEC 2,Academic Writing,1,16W,T 10:00AM-10:50AM,Sannia Hussain,In Person/On-campus
EE 100 LAB 1,Engineering Laboratory,1,16W,R 3:00PM-5:50PM,Abubakr Muhammad,In Person/On-campus
EE 100 LAB 2,Engineering Laboratory,1,16W,F 2:30PM-5:20PM,Muhammad Tahir,In Person/On-campus
EE 100 LAB 3,Engineering Laboratory,1,16W,W 8:00AM-10:50AM,Muhammad Tahir,In Person/On-campus
EE 100 LAB 4,Engineering Laboratory,1,16W,T 3:00PM-5:50PM,Muhammad Awais Bin Altaf,In Person/On-campus
EE 203 LEC 1,Engineering Models,3,16W,MW 2:00PM-3:15PM,Hassan Mohy-ud-Din,In Person/On-campus
EE 212 LEC 1,"Mathematical Foundations for Machine Learning
and Data Science",3,16W,MW 12:30PM-1:45PM,Zubair Khalid,Remote/Online
EE 240 LEC 1,Circuits 1,3,16W,TR 11:00AM-12:15PM,Zubair Khalid,In Person/On-campus
EE 324 LEC 1,Microcontroller and Interfacing,2,16W,MW 4:00PM-4:50PM,Muhammad Jahangir Ikram,In Person/On-campus
EE 324L LAB 1,Microcontroller and Interfacing Lab,1,16W,T 11:00AM-1:50PM,Muhammad Jahangir Ikram,In Person/On-campus
EE 324L LAB 2,Microcontroller and Interfacing Lab,1,16W,R 11:00AM-1:50PM,Muhammad Jahangir Ikram,In Person/On-campus
EE 330 LEC 1,Electromagnetic Fields & Waves,3,16W,MW 5:00PM-6:15PM,Muhammad Imran Cheema,In Person/On-campus
PHY 305 w/ EE 330,Electromagnetic Fields & Waves,3,,,,
EE 340 LEC 1,Devices & Electronics,3,16W,TR 9:30AM-10:45AM,Hassan Abbas Khan,In Person/On-campus
EE 340 LEC 2,Devices & Electronics,3,16W,WF 2:30PM-3:45PM,Wasif Tanveer Khan,In Person/On-campus
EE 340L LAB 1,Devices and Electronics Lab,1,16W,M 1:00PM-3:50PM,Hassan Abbas Khan,In Person/On-campus
EE 340L LAB 2,Devices and Electronics Lab,1,16W,T 3:00PM-5:50PM,Wasif Tanveer Khan,In Person/On-campus
EE 380 LEC 1,Communication Systems,3,16W,MW 11:00AM-12:15PM,Ijaz Haider Naqvi,In Person/On-campus
EE 380L LAB 1,Communication Systems Lab,1,16W,R 8:00AM-10:50AM,Ijaz Haider Naqvi,In Person/On-campus
EE 380L LAB 2,Communication Systems Lab,1,16W,F 9:30AM-12:20PM,Ijaz Haider Naqvi,In Person/On-campus
EE 414 LEC 1,Deep Learning,3,16W,TR 8:00AM-9:15AM,Hassan Mohy-ud-Din,Remote/Online
CS 437 w/ EE 414,Deep Learning,3,,,,
CS 5317 w/ EE 414,Deep Learning,3,,,,
EE 517 w/ EE 414,Deep Learning,3,,,,
EE 421 LEC 1,Digital System Design,3,16W,TR 11:00AM-12:15PM,Shahid Masud,In Person/On-campus
EE 421L LAB 1,Digital System Design Lab,1,16W,T 3:00PM-5:50PM,"Muhammad Adeel Ahmed
Pasha",In Person/On-campus
EE 421L LAB 2,Digital System Design Lab,1,16W,M 3:00PM-5:50PM,"Muhammad Adeel Ahmed
Pasha",In Person/On-campus
EE 452 LEC 1,Power Electronics,3,16W,MW 9:30AM-10:45AM,Nauman Ahmad Zaffar,In Person/On-campus
EE 552 w/ EE 452,Power Electronics,3,,,,
EE 452L LAB 1,Power Electronics Lab,1,16W,M 2:30PM-5:20PM,Nauman Ahmad Zaffar,In Person/On-campus
EE 452L LAB 2,Power Electronics Lab,1,16W,W 11:30AM-2:20PM,Nauman Ahmad Zaffar,In Person/On-campus
EE 552L w/ EE 452L,Power Electronics Lab,1,,,,
EE 453 LEC 1,Power Systems Protection and Stability,3,16W,TR 12:30PM-1:45PM,Raheel Zafar,In Person/On-campus
EE 453L LAB 1,Power Systems Protection and Stability,1,16W,F 10:00AM-12:50PM,Raheel Zafar,In Person/On-campus
EE 453L LAB 2,Power Systems Protection and Stability,1,16W,M 11:00AM-1:50PM,Raheel Zafar,In Person/On-campus
EE 471 LEC 1,Computer Networks:Principles & Practices,3,16W,TR 6:30PM-7:45PM,Tariq Mahmood Jadoon,In Person/On-campus
EE 471 LEC 1,Computer Networks:Principles & Practices,3,16W,TR 6:30PM-7:45PM,Zartash Afzal Uzmi,In Person/On-campus
CS 471 w/ EE 471,Computer Networks:Principles & Practices,3,,,,
CS 573 w/ EE 471,Computer Networks:Principles & Practices,3,,,,
EE 512 LEC 1,Digital Image Processing,3,16W,TR 11:00AM-12:15PM,Nadeem Ahmad Khan,In Person/On-campus
CS 653 w/ EE 512,Digital Image Processing,3,,,,
EE 520 LEC 1,Computer Architecture,3,16W,TR 9:30AM-10:45AM,"Muhammad Adeel Ahmed
Pasha",In Person/On-campus
CS 622 w/ EE 520,Computer Architecture,3,,,,
EE 527 LEC 1,Mixed Signal Design,3,16W,MW 11:00AM-12:15PM,Wala Salem Mustafa Saadeh,In Person/On-campus
EE 528 LEC 1,Semiconductor Devices Fundamentals,3,16W,TR 8:00PM-9:15PM,Nauman Zafar Butt,In Person/On-campus
PHY 537 w/ EE 528,Semiconductor Devices Fundamentals,3,,,,
EE 529 LEC 1,Custom IC Design,3,16W,WF 3:00PM-4:15PM,Muhammad Awais Bin Altaf,In Person/On-campus
EE 554 LEC 1,Electrical Drives,3,16W,MW 8:00AM-9:15AM,Nauman Ahmad Zaffar,In Person/On-campus
EE 555 LEC 1,Renewable Energy Systems,3,16W,TR 5:00PM-6:15PM,Hassan Abbas Khan,In Person/On-campus
EE 556 LEC 1,Power System Planning,3,16W,TR 2:00PM-3:15PM,Fiaz Ahmad Chaudhry,In Person/On-campus
EE 558 LEC 1,Battery Energy Storage Systems,3,16W,WF 3:00PM-4:15PM,Ijaz Haider Naqvi,In Person/On-campus
EE 558 LEC 1,Battery Energy Storage Systems,3,16W,WF 3:00PM-4:15PM,Naveed Ul Hassan,In Person/On-campus
EE 562 LEC 1,Robot Motion Planning,3,16W,TR 12:30PM-1:45PM,Talha Manzoor,In Person/On-campus
EE 562 LEC 1,Robot Motion Planning,3,16W,TR 12:30PM-1:45PM,Abubakr Muhammad,In Person/On-campus
CS 5610 w/ EE 562,Robot Motion Planning,3,,,,
EE 564 LEC 1,Stochastic Systems,3,16W,WF 4:30PM-5:45PM,Momin Ayub Uppal,In Person/On-campus
EE 569 LEC 1,"Dynamic Programming & Reinforcement
Learning",3,16W,MW 9:30AM-10:45AM,Hassan Jaleel,In Person/On-campus
CS 6314 w/ EE 569,"Dynamic Programming & Reinforcement
Learning",3,,,,
EE 573 LEC 1,Image and Video Coding,3,16W,MW 12:30PM-1:45PM,Nadeem Ahmad Khan,In Person/On-campus
CS 652 w/ EE 573,Image and Video Coding,3,,,,
EE 576 LEC 1,Smart Grid: Technology and Applications,3,16W,TR 3:30PM-4:45PM,Naveed Ul Hassan,In Person/On-campus
EMBA 5013 LEC 1,"Understanding Financial Accounting: Making
More Authoritative Decisions",1,M01,SU 9:05AM-10:35AM,"Muhammad Shakeel Sadiq
Jajja",In Person/On-campus
EMBA 5013 LEC 1,"Understanding Financial Accounting: Making
More Authoritative Decisions",1,"M01(6days
)",MTWRF 9:05AM-10:35AM,"Muhammad Shakeel Sadiq
Jajja",In Person/On-campus
EMBA 5013 LEC 2,"Understanding Financial Accounting: Making
More Authoritative Decisions",1,M01,SU 11:30AM-1:00PM,"Muhammad Shakeel Sadiq
Jajja",In Person/On-campus
EMBA 5013 LEC 2,"Understanding Financial Accounting: Making
More Authoritative Decisions",1,"M01(6days
)",MTWRF 11:30AM-1:00PM,"Muhammad Shakeel Sadiq
Jajja",In Person/On-campus
EMBA 5022 LEC 1,Corporate Finance,1,M04,SU 11:30AM-1:00PM,Syed Mubashir Ali,In Person/On-campus
EMBA 5022 LEC 2,Corporate Finance,1,M04,SU 2:35PM-4:05PM,Syed Mubashir Ali,In Person/On-campus
EMBA 5041 LEC 1,Marketing Management,1,M01,SU 2:35PM-4:05PM,Ehsan Ul Haque,In Person/On-campus
EMBA 5041 LEC 1,Marketing Management,1,"M01(6days
)",MTWRF 2:35PM-4:05PM,TBA,In Person/On-campus
EMBA 5041 LEC 2,Marketing Management,1,M01,SU 9:05AM-10:35AM,Ehsan Ul Haque,In Person/On-campus
EMBA 5041 LEC 2,Marketing Management,1,"M01(6days
)",MTWRF 9:05AM-10:35AM,TBA,In Person/On-campus
EMBA 5063 LEC 1,Problem Solving and Decision Making,1,M01,SU 11:30AM-1:00PM,Jamshed Hasan Khan,In Person/On-campus
EMBA 5063 LEC 1,Problem Solving and Decision Making,1,"M01(6days
)",MTWRF 11:30AM-1:00PM,TBA,In Person/On-campus
EMBA 5063 LEC 2,Problem Solving and Decision Making,1,M01,SU 2:35PM-4:05PM,Jamshed Hasan Khan,In Person/On-campus
EMBA 5063 LEC 2,Problem Solving and Decision Making,1,"M01(6days
)",MTWRF 2:35PM-4:05PM,TBA,In Person/On-campus
EMBA 5211 LEC 1,Business Law and Corporate Governance,1,M04,SU 9:05AM-10:35AM,Mujtaba Jamal Chaudhary,In Person/On-campus
EMBA 5211 LEC 2,Business Law and Corporate Governance,1,M04,SU 11:30AM-1:00PM,Mujtaba Jamal Chaudhary,In Person/On-campus
EMBA 6071 LEC 1,Venture Creation,1,M04,SU 2:35PM-4:05PM,Usman Ali Khan Babar,In Person/On-campus
EMBA 6071 LEC 1,Venture Creation,1,M04,SU 2:35PM-4:05PM,Saulat Salahuddin,In Person/On-campus
EMBA 6071 LEC 1,Venture Creation,1,M04,SU 2:35PM-4:05PM,Asad Alam,In Person/On-campus
EMBA 6071 LEC 2,Venture Creation,1,M04,SU 9:05AM-10:35AM,Asad Alam,In Person/On-campus
ENGL 1000 LEC 1,Introduction to Literature in English,4,16W,MW 10:00AM-11:50AM,Tamkin Hussain,Remote/Online
ENGL 1161 LEC 1,Introduction to Poetry,4,16W,TR 2:30PM-4:20PM,Naveed Alam,Remote/Online
ENGL 2131 LEC 1,Modern Drama,4,16W,MW 12:00PM-1:50PM,Rabia Nafees Shah,Remote/Online
ENGL 2191 LEC 1,Academic Writing and Editing,4,16W,TR 10:00AM-11:50AM,Ateeb Gul,Remote/Online
SS 2334 w/ ENGL 2191,Academic Writing and Editing,4,,,,
ENGL 2253 LEC 1,"Age of Modernism: Early 20th Century American
Fiction",4,16W,MW 10:00AM-11:50AM,Saba Pirzadeh,Remote/Online
ENGL 2421 LEC 1,Creative Nonfiction I,4,16W,TR 4:30PM-6:20PM,TBA,Remote/Online
ENGL 3172 LEC 1,"'The Empire Writes Backâ€TM: Diaspora Fiction in
Europe",4,16W,TR 2:00PM-3:50PM,Farah Hasan Ali,Remote/Online
GSS 362 w/ ENGL 3172,"'The Empire Writes Backâ€TM: Diaspora Fiction in
Europe",4,,,,
ENGL 3211 LEC 1,"â€ ̃Ring Shoutâ€TM: The Slave Narrative and Its
Legacy",4,16W,TR 10:00AM-11:50AM,Sadia Zulfiqar,Remote/Online
ENGL 3912 LEC 1,Magical Realism,4,16W,MW 3:00PM-4:50PM,Rabia Nafees Shah,Remote/Online
ENGL 4572 LEC 1,Colonial Discourse and Postcolonial Theory,4,16W,TR 12:00PM-1:50PM,Furrukh A. Khan,In Person/On-campus
FINN 100 LEC 1,Principles of Finance,3,16W,TR 12:30PM-1:45PM,Bushra Naqvi,Remote/Online
FINN 100 LEC 2,Principles of Finance,3,16W,MW 12:30PM-1:45PM,Salman Khan,Remote/Online
FINN 200 LEC 1,Intermediate Finance,3,16W,TR 12:30PM-1:45PM,Syed Aun Raza Rizvi,In Person/On-campus
FINN 200 LEC 2,Intermediate Finance,3,16W,MW 12:30PM-1:45PM,Abdullah Khan,Remote/Online
FINN 222 LEC 1,Introduction to Mathematics of Finance,3,16W,TR 2:00PM-3:15PM,Ferhana Ahmed,Remote/Online
FINN 243 LEC 1,"Fintech Revolution: Market Disruption and
Emerging Opportunities",3,16W,TR 6:30PM-7:45PM,Syed Hashim Mahmood Ali,In Person/On-campus
FINN 321 LEC 1,Econometrics,3,16W,TR 8:00AM-9:15AM,Ummad Mazhar,Remote/Online
FINN 353 LEC 1,Investments,3,16W,TR 11:00AM-12:15PM,Talha Farrukh,Remote/Online
FINN 372 LEC 1,Actuarial Sciences and Insurance,3,16W,MW 12:30PM-1:45PM,Nauman Afzal Cheema,In Person/On-campus
FINN 400 LEC 1,Applied Corporate Finance,3,16W,MW 11:00AM-12:15PM,Fazal Jawad Seyyed,In Person/On-campus
FINN 441 LEC 1,Islamic Banking and Finance,3,16W,TR 5:00PM-6:15PM,Saad Azmat,Remote/Online
FINN 453 LEC 1,Financial Derivatives,3,16W,TR 12:30PM-1:45PM,Ferhana Ahmed,Remote/Online
FINN 454 LEC 1,Portfolio Management,3,16W,MW 5:00PM-6:15PM,TBA,Remote/Online
FMG 5101 LEC 1,Financial Statement Analysis & Value Creation,3,16W,MW 11:05AM-1:10PM,TBA,In Person/On-campus
GSS 302 LEC 1,Feminist Theory,4,16W,WF 4:00PM-5:50PM,TBA,Remote/Online
HIST 124 LEC 1,The World Since 1453,4,16W,WF 2:00PM-3:50PM,Shayan Rajani,Remote/Online
HIST 218 LEC 1,"Nineteenth Century French Art: Neoclassicism to
Impressionism",4,16W,TR 12:00PM-1:50PM,"Nadhra Shahbaz Naeem
Khan",Remote/Online
HIST 2223 LEC 1,Rethinking the age of Revolutions,4,16W,TR 8:00AM-9:50AM,Anushay Malik,Remote/Online
HIST 2311 LEC 1,"Nature, Power & Modernity",4,16W,TR 10:00AM-11:50AM,Hassan Haider Karrar,Remote/Online
HIST 2324 LEC 1,"Conceptual Understanding of Borders and
Borderlands Studies",4,16W,MW 10:00AM-11:50AM,Ilyas Ahmad Chattha,Remote/Online
SOC 239 w/ HIST 2324,"Conceptual Understanding of Borders and
Borderlands Studies",4,,,,
HIST 3218 LEC 1,Understanding Communal Violence in South Asia,4,16W,TR 10:00AM-11:50AM,Ilyas Ahmad Chattha,Remote/Online
HIST 342 LEC 1,Historical Inequality and Development,4,16W,MW 8:00AM-9:50AM,Anushay Malik,Remote/Online
HIST 437 LEC 1,Subaltern Studies: On History and Historiography,4,16W,TR 4:00PM-5:50PM,Syed Ali Raza,In Person/On-campus
LANG 123 LEC 1,Introduction to Punjabi,4,16W,TR 1:00PM-2:50PM,Zahid Hussain,Remote/Online
LANG 124 LEC 1,Arabic I,4,16W,WF 4:30PM-6:20PM,Hafiz Abdul Qadeer,Remote/Online
LANG 127 LEC 1,Persian-I,4,16W,MW 4:00PM-5:50PM,Fatima Fayyaz,In Person/On-campus
LANG 128 LEC 1,Sindhi for Non Sindhi Speakers,4,16W,TR 3:00PM-4:50PM,Ashok Kumar Khatri,Remote/Online
LANG 129 LEC 1,Pashto I,4,16W,TR 4:00PM-5:50PM,Imad .,Remote/Online
LANG 2212 LEC 1,Pashto II,4,16W,TR 11:00AM-12:50PM,Imad .,Remote/Online
LANG 229 LEC 1,Sindhi Reading and Writing,4,16W,MW 3:30PM-5:20PM,Ashok Kumar Khatri,Remote/Online
LAW 102 LEC 1,Introduction to Pakistan Legal System,3,16W,TR 10:00AM-11:15AM,Marva Khan,Remote/Online
LAW 102 LEC 2,Introduction to Pakistan Legal System,3,16W,TR 10:00AM-11:15AM,Hiba Akbar,In Person/On-campus
LAW 102 LEC 3,Introduction to Pakistan Legal System,3,16W,TR 4:30PM-5:45PM,Aminah Qadir,In Person/On-campus
LAW 102 LEC 4,Introduction to Pakistan Legal System,3,16W,TR 6:30PM-7:45PM,Asad Rahim Khan,In Person/On-campus
LAW 220 LEC 1,Contracts,4,16W,MW 12:00PM-1:50PM,Zubair Abbasi,Remote/Online
LAW 222 LEC 1,Torts,4,16W,MW 10:00AM-11:50AM,Uzair Kayani,Remote/Online
LAW 224 LEC 1,Property Law,4,16W,TR 3:00PM-4:50PM,Bakhtawar Bilal Soofi,In Person/On-campus
LAW 224 LEC 2,Property Law,4,16W,WF 4:00PM-5:50PM,Ahmed Hasan Khan,Remote/Online
LAW 240 LEC 1,Criminal Law,4,16W,TR 9:00AM-10:50AM,Angbeen Atif Mirza,In Person/On-campus
LAW 280 LEC 1,"Legal Practice I:Legal Writing and Research
Methods",4,16W,TR 2:00PM-3:50PM,Adnan Sattar,In Person/On-campus
LAW 280 LEC 2,"Legal Practice I:Legal Writing and Research
Methods",4,16W,MW 4:30PM-6:20PM,Syeda Zehra Zaidi,In Person/On-campus
LAW 302 LEC 1,Introduction to Chinese Law,3,16W,TR 12:30PM-1:45PM,Sikandar Ahmed Shah,In Person/On-campus
LAW 305 LEC 1,Introduction to Chinese Business Law,4,16W,MW 3:00PM-4:50PM,Sikandar Ahmed Shah,Remote/Online
LAW 320 LEC 1,"Equity, Specific Relief & Trusts",4,16W,TR 4:30PM-6:20PM,Saad Amir,In Person/On-campus
LAW 320 LEC 2,"Equity, Specific Relief & Trusts",4,16W,TR 10:00AM-11:50AM,TBA,In Person/On-campus
LAW 3214 LEC 1,Law of Commerce and Finance,4,16W,MW 3:00PM-4:50PM,Faiza .,In Person/On-campus
LAW 3215 LEC 1,Startup Law,4,16W,MW 10:00AM-11:50AM,Maria Farrukh Irfan Khan,Remote/Online
LAW 3611 LEC 1,Family Law,4,16W,TR 12:00PM-1:50PM,Zubair Abbasi,Remote/Online
LAW 3611 LEC 2,Family Law,4,16W,MW 2:00PM-3:50PM,Zubair Abbasi,Remote/Online
LAW 3912 LEC 1,Climate Change and Environment Policy,4,16W,WF 3:00PM-4:50PM,Fahad Malik,In Person/On-campus
LAW 425 LEC 1,Privacy and Digital Transformation,4,16W,TR 6:30PM-8:20PM,TBA,In Person/On-campus
LAW 4312 LEC 1,Expression Confined,4,16W,TR 12:00PM-1:50PM,Marva Khan,Remote/Online
LAW 4313 LEC 1,Public Private Partnerships,4,16W,WF 8:00AM-9:50AM,TBA,In Person/On-campus
LAW 4514 LEC 1,Children in Domestic Labour,4,16W,MW 8:00AM-9:50AM,Sikandar Ahmed Shah,Remote/Online
LAW 470 LEC 1,Evidence,4,16W,TR 4:00PM-5:50PM,Muhammad Azeem,In Person/On-campus
LAW 470 LEC 2,Evidence,4,16W,MW 10:00AM-11:50AM,Muhammad Azeem,In Person/On-campus
LAW 471 LEC 1,Civil Procedure,4,16W,TR 4:30PM-6:20PM,Usama Khawar,Remote/Online
LAW 471 LEC 2,Civil Procedure,4,16W,TR 3:00PM-4:50PM,Fahad Malik,Remote/Online
LAW 481A LEC 1,"Legal Practice II:Drafting Legal Instruments,
Practitioners' Skills and Professional Ethics",2,16W,M 4:30PM-6:20PM,Sahar Zareen Bandial,In Person/On-campus
LAW 481A LEC 2,"Legal Practice II:Drafting Legal Instruments,
Practitioners' Skills and Professional Ethics",2,16W,F 4:00PM-5:50PM,TBA,In Person/On-campus
LAW 481A LEC 3,"Legal Practice II:Drafting Legal Instruments,
Practitioners' Skills and Professional Ethics",2,16W,F 9:30AM-11:20AM,TBA,In Person/On-campus
LAW 4917 LEC 1,International Dispute Resolution,4,16W,TR 6:30PM-8:20PM,"Muhammad Umer Akram
Chaudhry",In Person/On-campus
MATH 100 LEC 1,Pre-calculus,3,16W,TR 8:00PM-9:15PM,Nauman Raza,In Person/On-campus
MATH 100 LEC 2,Pre-calculus,3,16W,TR 8:00PM-9:15PM,TBA,In Person/On-campus
MATH 100 LEC 3,Pre-calculus,3,16W,MW 5:00PM-6:15PM,Nauman Raza,In Person/On-campus
MATH 101 LEC 1,Calculus-I,3,16W,TR 8:00AM-9:15AM,Imran Naeem,Remote/Online
MATH 101 LEC 2,Calculus-I,3,16W,TR 11:00AM-12:15PM,Imran Naeem,Remote/Online
MATH 101 LEC 3,Calculus-I,3,16W,MW 12:30PM-1:45PM,Imran Anwar,Remote/Online
MATH 101 LEC 4,Calculus-I,3,16W,WF 8:00AM-9:15AM,Adnan Khan,Remote/Online
MATH 102 LEC 1,Calculus-II,3,16W,TR 12:30PM-1:45PM,Masood Hussain Shah,In Person/On-campus
MATH 102 LEC 2,Calculus-II,3,16W,WF 10:00AM-11:15AM,Muhammad Ahsan,Remote/Online
MATH 120 LEC 1,Linear Algebra with Differential Equations,3,16W,TR 2:30PM-3:45PM,Muhammad Usman,Remote/Online
MATH 120 LEC 2,Linear Algebra with Differential Equations,3,16W,MW 2:30PM-3:45PM,Muhammad Usman,Remote/Online
MATH 120 LEC 3,Linear Algebra with Differential Equations,3,16W,TR 10:00AM-11:15AM,Mudassar Razzaq,Remote/Online
MATH 204 LEC 1,Introduction to Formal Mathematics,4,16W,MW 10:00AM-11:50AM,Shaheen Nazir,In Person/On-campus
MATH 210 LEC 1,Introduction to Differential Equations,3,16W,TR 8:00AM-9:15AM,Amer Rasheed,Remote/Online
MATH 222 LEC 1,Linear Algebra II,3,16W,MW 12:30PM-1:45PM,Haniya Azam,In Person/On-campus
MATH 230 LEC 1,Probability,3,16W,MW 8:00AM-9:15AM,Shaheena Bashir,In Person/On-campus
MATH 231 LEC 1,Statistics,4,16W,MW 4:00PM-5:50PM,Shaheena Bashir,In Person/On-campus
MATH 300 LEC 1,Complex Variables,4,16W,TR 12:00PM-1:50PM,Sultan Sial,In Person/On-campus
MATH 309 LEC 1,Introduction to Analysis II,3,16W,MW 2:00PM-3:15PM,Shaheen Nazir,In Person/On-campus
MATH 320 LEC 1,Algebra I,4,16W,MW 10:00AM-11:50AM,Haniya Azam,In Person/On-campus
MATH 341 LEC 1,Operations Research-I,4,16W,MW 8:00AM-9:50AM,Kamran Rashid,Remote/Online
MATH 547 w/ MATH 341,Operational Research-I,4,,,,
MATH 401 LEC 1,Functional Analysis,3,16W,TR 2:00PM-3:15PM,TBA,In Person/On-campus
MATH 505 w/ MATH 401,Advanced Functional Analysis,3,,,,
MATH 404 LEC 1,Real Analysis,3,16W,MW 4:30PM-5:45PM,Masood Hussain Shah,In Person/On-campus
MATH 501 w/ MATH 404,Mathematical Analysis,3,,,,
MATH 409 LEC 1,Introduction to Calculus of Variations,3,16W,WF 3:00PM-4:15PM,Muhammad Ahsan,Remote/Online
MATH 5010 w/ MATH 409,Calculus of Variations,3,,,,
MATH 4112 LEC 1,Methods of Applied Mathematics,3,16W,MW 10:00AM-11:15AM,Sultan Sial,Remote/Online
MATH 516 w/ MATH 4112,Methods of Applied Mathematics,3,,,,
MATH 412 LEC 1,Partial Differential Equations,3,16W,TR 4:30PM-5:45PM,Ali Ashher Zaidi,In Person/On-campus
MATH 513 w/ MATH 412,Advanced Partial Differential Equations,3,,,,
MATH 4418 LEC 1,Numerical Linear Algebra,4,16W,TR 10:00AM-11:50AM,Zahra Lakdawala,Remote/Online
MATH 543 w/ MATH 4418,Advanced Numerical Linear Algebra,4,,,,
MBA 5041 LEC 1,Marketing Management,1,16W,MW 2:35PM-4:40PM,Ehsan Ul Haque,In Person/On-campus
MBA 5041 LEC 2,Marketing Management,1,16W,TR 8:30AM-10:35AM,Ehsan Ul Haque,In Person/On-campus
MBA 5051 LEC 1,Organizational Behaviour,1,16W,TR 2:35PM-4:40PM,Arif Nazir Butt,In Person/On-campus
MBA 5051 LEC 2,Organizational Behaviour,1,16W,TR 11:05AM-1:10PM,Arif Nazir Butt,In Person/On-campus
MBA 5091 LEC 1,Managerial Communication,1,16W,TR 2:35PM-4:40PM,Atif Rahim Khan,In Person/On-campus
MBA 5091 LEC 2,Managerial Communication,1,16W,TR 8:30AM-10:35AM,Atif Rahim Khan,In Person/On-campus
MBA 5201A LEC 1,Financial Accounting-I,0.5,8W1,TR 8:30AM-10:35AM,Asad Alam,In Person/On-campus
MBA 5201A LEC 2,Financial Accounting-I,0.5,8W1,MW 8:30AM-10:35AM,TBA,In Person/On-campus
MBA 5201B LEC 1,Financial Accounting-II,0.5,8W2,TR 2:35PM-4:40PM,Asad Alam,In Person/On-campus
MBA 5201B LEC 2,Financial Accounting-II,0.5,8W2,MW 2:35PM-4:40PM,TBA,In Person/On-campus
MBA 5301 LEC 1,Finance Fundamentals,0.5,8W2,TR 2:35PM-4:40PM,Fazal Jawad Seyyed,In Person/On-campus
MBA 5301 LEC 2,Finance Fundamentals,0.5,8W2,MW 2:35PM-4:40PM,Fazal Jawad Seyyed,In Person/On-campus
MBA 5701 LEC 1,Statistical Analysis for Management,0.5,8W1,MW 11:05AM-1:10PM,Jamshed Hasan Khan,In Person/On-campus
MBA 5701 LEC 2,Statistical Analysis for Management,0.5,8W1,MW 8:30AM-10:35AM,Jamshed Hasan Khan,In Person/On-campus
MBA 5901 LEC 1,Experiential Learning I,1,16W,TR 2:35PM-4:40PM,TBA,In Person/On-campus
MBA 5901 LEC 2,Experiential Learning I,1,16W,MW 2:35PM-4:40PM,TBA,In Person/On-campus
MBA 6025 LEC 1,Investments,0.5,8W1,MW 12:30PM-2:00PM,TBA,In Person/On-campus
MBA 6032 LEC 1,Supply Chain Management,0.5,8W1,TR 10:30AM-12:00PM,Hassan Rauf Chaudhry,In Person/On-campus
MBA 6032 LEC 2,Supply Chain Management,0.5,8W1,MW 8:30AM-10:00AM,TBA,In Person/On-campus
MBA 6039 LEC 1,Digital Marketing,0.5,8W1,TR 8:30AM-10:00AM,Khawaja Zain ul Abdin,In Person/On-campus
MBA 6039 LEC 2,Digital Marketing,0.5,8W1,TR 3:00PM-4:30PM,Khawaja Zain ul Abdin,In Person/On-campus
MBA 6040 LEC 1,Retail Management,0.5,8W1,TR 12:30PM-2:00PM,Qaiser Raza Sheikh,In Person/On-campus
MBA 6041A LEC 1,Consumer Analytics,0.5,8W1,MW 3:00PM-4:30PM,TBA,In Person/On-campus
MBA 6043A LEC 1,Channel Management,0.5,8W2,TR 3:00PM-4:30PM,Muhammad Luqman Awan,In Person/On-campus
MBA 6043A LEC 2,Channel Management,0.5,8W2,MW 8:30AM-10:00AM,TBA,In Person/On-campus
MBA 6045 LEC 1,Brand Management,0.5,8W2,TR 3:00PM-4:30PM,TBA,In Person/On-campus
MBA 6045 LEC 2,Brand Management,0.5,8W2,MW 12:30PM-2:00PM,TBA,In Person/On-campus
MBA 6046 LEC 1,Business to Business,0.5,8W2,MW 12:30PM-2:00PM,Arif Ijaz,In Person/On-campus
MBA 6048 LEC 1,Sales Force Management,0.5,8W1,TR 3:00PM-4:30PM,Muhammad Luqman Awan,In Person/On-campus
MBA 6048 LEC 2,Sales Force Management,0.5,8W1,TR 12:30PM-2:00PM,TBA,In Person/On-campus
MBA 6052 LEC 1,Human Resource Management,0.5,8W2,MW 12:30PM-2:00PM,TBA,In Person/On-campus
MBA 6060 LEC 1,Managing Workplace Diversity,0.5,8W1,TR 12:30PM-2:00PM,TBA,In Person/On-campus
MBA 6061 LEC 1,"Understanding and Managing Self-Identity in
Contemporary Organizations",0.5,8W2,TR 3:00PM-4:30PM,Muhammad Azfar Nisar,In Person/On-campus
MBA 6061 LEC 2,"Understanding and Managing Self-Identity in
Contemporary Organizations",0.5,8W2,TR 12:30PM-2:00PM,TBA,In Person/On-campus
MBA 6064 LEC 1,Negotiation Skills,0.5,8W2,MW 3:00PM-4:30PM,TBA,In Person/On-campus
MBA 6165 LEC 1,Business Development and Economy,0.5,8W2,TR 10:30AM-12:00PM,Khalid A Mirza,In Person/On-campus
MBA 6183 LEC 1,Managing in the Information Age,0.5,8W1,TR 8:30AM-10:00AM,Muhammad Umar Zafar,In Person/On-campus
MBA 6213 LEC 1,Corporate Governance,0.5,8W1,MW 8:30AM-10:00AM,Khalid A Mirza,In Person/On-campus
MBA 6301 LEC 1,"Strategy and Management in Developing
Economies",0.5,8W2,TR 12:30PM-2:00PM,TBA,In Person/On-campus
MBA 6311 LEC 1,Financial Institutions,0.5,8W1,MW 10:30AM-12:00PM,Samir Ahmed,In Person/On-campus
MBA 6316 LEC 1,Financial Markets,0.5,8W2,TR 10:30AM-12:00PM,Samir Ahmed,In Person/On-campus
MBA 6324A LEC 1,Strategic Mangement of Non-profit Enterprises,0.5,8W2,TR 3:00PM-4:30PM,Ehsan Ul Haque,In Person/On-campus
MBA 6510 LEC 1,The Business of Entertainment,0.5,8W1,MW 12:30PM-2:00PM,Ehsan Ul Haque,In Person/On-campus
MECO 111 LEC 1,Principles of Microeconomics,3,16W,TR 3:30PM-4:45PM,Sameen Zafar,Remote/Online
MECO 111 LEC 2,Principles of Microeconomics,3,16W,TR 11:00AM-12:15PM,Sameen Zafar,Remote/Online
MECO 111 LEC 3,Principles of Microeconomics,3,16W,TR 5:00PM-6:15PM,Ummad Mazhar,Remote/Online
MECO 111 LEC 4,Principles of Microeconomics,3,16W,MW 8:00AM-9:15AM,Abid Raza Khan,In Person/On-campus
MECO 111 LEC 5,Principles of Microeconomics,3,16W,TR 8:00AM-9:15AM,Abid Raza Khan,In Person/On-campus
MECO 111 LEC 6,Principles of Microeconomics,3,16W,WF 3:30PM-4:45PM,Abid Raza Khan,In Person/On-campus
MECO 2201 LEC 1,Introduction to Business Economics,1.5,"MS-
SDSB(10D)",MTWRF 2:30PM-4:20PM,TBA,Remote/Online
MECO 2201 LEC 2,Introduction to Business Economics,1.5,"MS-
SDSB(10D)",MTWRF 4:45PM-6:35PM,TBA,Remote/Online
MECO 5201 LEC 1,Business Economics,3,16W,MW 8:30AM-10:35AM,Ummad Mazhar,In Person/On-campus
MECO 7301 LEC 1,Economic Theory,3,16W,M 12:00PM-3:00PM,"Muhammad Imran
Chaudhry",In Person/On-campus
MGMT 142 LEC 1,Principles of Management,3,16W,MW 2:00PM-3:15PM,Fariha Zahid,In Person/On-campus
MGMT 142 LEC 2,Principles of Management,3,16W,MW 3:30PM-4:45PM,Fariha Zahid,In Person/On-campus
MGMT 142 LEC 3,Principles of Management,3,16W,MW 11:00AM-12:15PM,Mohsin Bashir,In Person/On-campus
MGMT 142 LEC 4,Principles of Management,3,16W,TR 5:00PM-6:15PM,Mamoona Arshad,In Person/On-campus
MGMT 142 LEC 5,Principles of Management,3,16W,MW 9:30AM-10:45AM,Ramsha Naeem,Remote/Online
MGMT 142 LEC 6,Principles of Management,3,16W,TR 9:30AM-10:45AM,Ramsha Naeem,Remote/Online
MGMT 212 LEC 1,Business Communication,3,16W,MW 9:30AM-10:45AM,Anjum Fayyaz,In Person/On-campus
MGMT 212 LEC 2,Business Communication,3,16W,MW 11:00AM-12:15PM,Anjum Fayyaz,In Person/On-campus
MGMT 212 LEC 3,Business Communication,3,16W,MW 12:30PM-1:45PM,Anjum Fayyaz,In Person/On-campus
MGMT 212 LEC 4,Business Communication,3,16W,MW 9:30AM-10:45AM,Atif Rahim Khan,Remote/Online
MGMT 212 LEC 5,Business Communication,3,16W,MW 2:00PM-3:15PM,Aneka Fahima Sufi,Remote/Online
MGMT 242 LEC 1,Business Ethics & Corporate Social Responsibility,3,16W,TR 2:00PM-3:15PM,Razi Allah Lone,Remote/Online
MGMT 242 LEC 2,Business Ethics & Corporate Social Responsibility,3,16W,TR 3:30PM-4:45PM,Razi Allah Lone,Remote/Online
MGMT 242 LEC 3,Business Ethics & Corporate Social Responsibility,3,16W,TR 11:00AM-12:15PM,Razi Allah Lone,Remote/Online
MGMT 243 LEC 1,Public Administration,3,16W,MW 2:00PM-3:15PM,Mohsin Bashir,Remote/Online
MGMT 244 LEC 1,Reforming The Public Sector,3,16W,MW 11:00AM-12:15PM,Tariq Mehmood,Remote/Online
MGMT 252 LEC 1,Logic & Critical Thinking,3,16W,TR 2:00PM-3:15PM,Muhammad Ahsan Rana,In Person/On-campus
MGMT 260 LEC 1,Business Law,3,16W,MW 8:00AM-9:15AM,Ali Sultan,Remote/Online
MGMT 260 LEC 2,Business Law,3,16W,MW 9:30AM-10:45AM,Ali Sultan,Remote/Online
MGMT 260 LEC 3,Business Law,3,16W,MW 11:00AM-12:15PM,Ali Sultan,Remote/Online
MGMT 2601 LEC 1,Introduction to Management,1.5,"MS-
SDSB(10D)",MTWRF 8:30AM-10:20AM,TBA,Remote/Online
MGMT 2601 LEC 2,Introduction to Management,1.5,"MS-
SDSB(10D)",MTWRF 10:45AM-12:35PM,TBA,Remote/Online
MGMT 261 LEC 1,Introduction to Policy Analysis,3,16W,MW 5:00PM-6:15PM,Ghazal Mir Zulfiqar,Remote/Online
MGMT 263 LEC 1,Contemporary Social Policy Issues in Pakistan,3,16W,TR 11:00AM-12:15PM,Muhammad Ahsan Rana,In Person/On-campus
EDU 252 w/ MGMT 263,Contemporary Social Policy Issues in Pakistan,3,,,,
MGMT 346 LEC 1,Sports Management,3,16W,TR 6:30PM-7:45AM,Areeb Abduhoo Pasha,In Person/On-campus
MGMT 348 LEC 1,Internet Governance & Technology Policy,3,16W,MW 5:00PM-6:15PM,Gulalai Khan,Remote/Online
MGMT 365 LEC 1,Urban Planning and Management,3,16W,TR 2:00PM-3:15PM,Muhammad Naveed Iftikhar,Remote/Online
MGMT 373 LEC 1,Personal Effectiveness,3,16W,MW 8:00AM-9:15AM,Atif Rahim Khan,Remote/Online
MGMT 382 LEC 1,Social Entrepreneurship,3,16W,MW 8:00PM-9:15PM,Syed Hussain Haider,In Person/On-campus
MGMT 384 LEC 1,"Entrepreneurship & Management in the
Restaurant Industry",3,16W,MW 12:30PM-1:45PM,Shireen Waheed,Remote/Online
MGMT 400 LEC 1,Strategic Business Management,3,16W,MW 2:00PM-3:15PM,Muhammad Shafique,In Person/On-campus
MGMT 400 LEC 2,Strategic Business Management,3,16W,MW 3:30PM-4:45PM,Muhammad Shafique,In Person/On-campus
MGMT 400 LEC 3,Strategic Business Management,3,16W,TR 5:00PM-6:15PM,Salma Zaman,Remote/Online
MGMT 481 LEC 1,Entrepreneurship,3,16W,WF 5:00PM-6:15PM,TBA,In Person/On-campus
MGMT 7501 LEC 1,Philosophy of Administrative Sciences,2,10-WKS,W 8:00AM-11:00AM,TBA,In Person/On-campus
MKTG 201 LEC 1,Principles of Marketing,3,16W,TR 3:30PM-4:45PM,TBA,Remote/Online
MKTG 201 LEC 2,Principles of Marketing,3,16W,TR 11:00AM-12:15PM,Khudejah Iqbal Ali,Remote/Online
MKTG 201 LEC 3,Principles of Marketing,3,16W,MW 12:30PM-1:45PM,Sarah Suneel Sarfraz,Remote/Online
MKTG 201 LEC 4,Principles of Marketing,3,16W,MW 11:00AM-12:15PM,Sarah Suneel Sarfraz,Remote/Online
MKTG 222 LEC 1,Retail Management,3,16W,TR 12:30PM-1:45PM,Saadia Raza Bukhari,Remote/Online
MKTG 2401 LEC 1,Introduction to Marketing,1.5,"MS-
SDSB(10D)",MTWRF 8:30AM-10:20AM,TBA,Remote/Online
MKTG 2401 LEC 2,Introduction to Marketing,1.5,"MS-
SDSB(10D)",MTWRF 10:45AM-12:35PM,TBA,Remote/Online
MKTG 324 LEC 1,Integrated Marketing Communications,3,16W,MW 3:30PM-4:45PM,Khawaja Zain ul Abdin,Remote/Online
MKTG 332 LEC 1,Consumer Behaviour,3,16W,TR 9:30AM-10:45AM,Saima Mujtaba Rana,Remote/Online
MKTG 343 LEC 1,Marketing Models,3,16W,MW 9:30AM-10:45AM,Muhammad Asim,Remote/Online
MKTG 344 LEC 1,Data Driven Marketing,3,16W,TR 2:00PM-3:15PM,Khudejah Iqbal Ali,Remote/Online
MKTG 392 LEC 1,Brand Management,3,16W,MW 3:30PM-4:45PM,TBA,Remote/Online
MKTG 5401 LEC 1,Marketing Management,3,16W,TR 2:00PM-4:05PM,Sarah Suneel Sarfraz,Remote/Online
ORSC 201 LEC 1,Organizational Behaviour,3,16W,MW 11:00AM-12:15PM,Faiza Ali,Remote/Online
ORSC 201 LEC 2,Organizational Behaviour,3,16W,MW 9:30AM-10:45AM,Faiza Ali,Remote/Online
ORSC 201 LEC 3,Organizational Behaviour,3,16W,MW 11:00AM-12:15PM,Atif Rahim Khan,In Person/On-campus
ORSC 201 LEC 4,Organizational Behaviour,3,16W,TR 5:00PM-6:15PM,TBA,In Person/On-campus
ORSC 341 LEC 1,Human Resource Management,3,16W,TR 11:00AM-12:15PM,Anjum Fayyaz,Remote/Online
ORSC 5301 LEC 1,Organizations and Leadership,3,16W,TR 9:00AM-11:05AM,Faiza Ali,Remote/Online
ORSC 5301 LEC 1,Organizations and Leadership,3,16W,TR 9:00AM-11:05AM,Muhammad Ghufran Ahmad,Remote/Online
ORSC 7302 LEC 1,Applications of Psychology in Management,3,16W,R 10:00AM-1:00PM,Jawad Sarwar Naqvi Syed,In Person/On-campus
ORSC 8402 LEC 1,Seminar in Human Resource Management,3,16W,M 8:00AM-11:00AM,"Muhammad Abdur Rahman
Malik",In Person/On-campus
PHIL 212 LEC 1,Plato & Aristotle,4,16W,TR 4:30PM-6:20PM,Muhammad Shabbir Ahsen,Remote/Online
PHIL 213 LEC 1,"History of Western Philosophy from Descarte to
Kant",4,16W,TR 10:00AM-11:50AM,Muhammad Shabbir Ahsen,Remote/Online
PHIL 324 LEC 1,Environmental Ethics,4,16W,MW 3:00PM-4:50PM,Amber Riaz,Remote/Online
PHIL 432 LEC 1,Mohammed Iqbal & Charles Peirce,4,16W,TR 12:30PM-2:20PM,Basit Bilal Koshul,In Person/On-campus
PHY 100 LAB 1,Experimental Physics Lab I,2,16W,R 11:30AM-5:20PM,Ata Ulhaq,In Person/On-campus
PHY 100 LAB 2,Experimental Physics Lab I,2,16W,T 12:30PM-6:20PM,Ata Ulhaq,In Person/On-campus
PHY 100 LAB 3,Experimental Physics Lab I,2,16W,M 8:00AM-1:50PM,Ata Ulhaq,In Person/On-campus
PHY 100 LAB 4,Experimental Physics Lab I,2,16W,F 12:30PM-6:20PM,Ata Ulhaq,In Person/On-campus
PHY 101 LEC 1,Mechanics,4,16W,TR 9:30AM-10:45AM,Adam Zaman Chaudhry,Remote/Online
PHY 101 RAC 1,Mechanics,4,16W,W 10:30PM-11:20PM,Adam Zaman Chaudhry,Remote/Online
PHY 101 RAC 2,Mechanics,4,16W,R 8:00AM-8:50AM,Adam Zaman Chaudhry,Remote/Online
PHY 101 LEC 2,Mechanics,4,16W,TR 12:30PM-1:45PM,Rafi Ullah,Remote/Online
PHY 101 RAC 3,Mechanics,4,16W,M 8:00AM-8:50AM,Rafi Ullah,Remote/Online
PHY 101 RAC 4,Mechanics,4,16W,F 10:30AM-11:20AM,Rafi Ullah,Remote/Online
PHY 204 LEC 1,Electricity and Magnetism,3,16W,MW 12:00PM-1:15PM,Adam Zaman Chaudhry,In Person/On-campus
PHY 212 LEC 1,Quantum Mechanics I,3,16W,TR 2:30PM-3:45PM,Syed Moeez Hassan,In Person/On-campus
PHY 301 LEC 1,Classical Mechanics,3,16W,MW 8:00AM-9:15AM,Tajdar Mufti,In Person/On-campus
PHY 313 LEC 1,Statistical Mechanics,4,16W,TR 4:00PM-5:50PM,Ammar Ahmed Khan,In Person/On-campus
PHY 510 w/ PHY 313,Advanced Statistical Mechanics,4,,,,
PHY 404 LEC 1,Relativistic Electrodynamics,3,16W,TR 12:30PM-1:45PM,Syed Moeez Hassan,In Person/On-campus
PHY 504 w/ PHY 404,Relativistic Electrodynamics,3,,,,
PHY 433 LEC 1,Laser Engineering,3,16W,TR 11:00AM-12:15PM,Tayyab Imran,In Person/On-campus
EE 433 w/ PHY 433,Laser Engineering,3,,,,
EE 5315 w/ PHY 433,Laser Engineeri+B432ng,3,,,,
PHY 5315 w/ PHY 433,Laser Engineering,3,,,,
PHY 501 LEC 1,Electrodynamics,3,16W,MW 9:30AM-10:45AM,Rizwan Khalid,In Person/On-campus
EE 502 w/ PHY 501,Electrodynamics,3,,,,
PHY 5114 LEC 1,Quantum Algorithms,3,16W,MW 2:00PM-3:15PM,Muhammad Faryad,Remote/Online
PHY 517 LEC 1,Quantum Mechanics III,3,16W,TR 9:30AM-10:45AM,Rafi Ullah,In Person/On-campus
PHY 5313 LEC 1,Atomic and Laser Physics,3,16W,MW 3:30PM-4:45PM,Muhammad Sabieh Anwar,In Person/On-campus
PHY 5314 LEC 1,Advanced Quantum Field Theory,3,16W,TR 2:30PM-3:45PM,Rizwan Khalid,In Person/On-campus
POL 100 LEC 1,Introduction to Political Science,4,16W,MW 8:00AM-9:50AM,Rasul Bakhsh Rais,Remote/Online
POL 100 LEC 2,Introduction to Political Science,4,16W,TR 10:00AM-11:50AM,Rida Ashfaq,Remote/Online
POL 100 LEC 3,Introduction to Political Science,4,16W,TR 12:00PM-1:50PM,Rabia Zaid,Remote/Online
POL 131 LEC 1,Introduction to International Relations,4,16W,MW 3:00PM-4:50PM,Rasul Bakhsh Rais,Remote/Online
POL 203 LEC 1,Western Political Philosophy,4,16W,TR 6:30PM-8:20PM,Syed Shimail Reza,In Person/On-campus
POL 209 LEC 1,Introduction to Political Economy,4,16W,MW 4:30PM-6:20PM,Noaman Ghazanfar Ali,Remote/Online
POL 221 LEC 1,Introduction to Comparative Politics,4,16W,TR 10:00AM-11:50AM,Asma ul-Husna Faiz,Remote/Online
POL 225 LEC 1,Politics of South Asia,4,16W,MW 10:00AM-11:50AM,Sameen Andleeb Mohsin Ali,Remote/Online
POL 228 LEC 1,Introduction to Quantative Research Method,4,16W,WF 4:30PM-6:20PM,Fatima Mustafa,Remote/Online
POL 229 LEC 1,Politics of Armed Groups,4,16W,TR 2:00PM-3:50PM,Rida Ashfaq,Remote/Online
POL 3113 LEC 1,Political Islam: Ideology & Politics,4,16W,TR 4:00PM-5:50PM,Taimur Rahman,In Person/On-campus
POL 322 LEC 1,Politics of India,4,16W,MW 4:00PM-5:50PM,Mohammad Waseem,Remote/Online
POL 328 LEC 1,Politics of Pakistan,4,16W,MW 2:00PM-3:50PM,Ahmad Yunus Samad,Remote/Online
POL 331 LEC 1,Pakistan's Foreign Relations,4,16W,TR 10:00AM-11:50AM,Iqbal Ahmad Khan,Remote/Online
POL 431A LEC 1,Philosophy and Politics of Global Ecology,4,16W,TR 4:00PM-5:50PM,Mustapha Kamal Pasha,Remote/Online
POL 464 LEC 1,Political Sociology,4,16W,MW 4:00PM-5:50PM,Taimur Rahman,In Person/On-campus
PSY 100 LEC 1,Introduction to psychology and human behavior,4,16W,MW 4:00PM-5:50PM,Yasser Hashmi,Remote/Online
PSY 100 LEC 2,Introduction to psychology and human behavior,4,16W,MW 10:00AM-11:50AM,TBA,Remote/Online
PSY 203 LEC 1,Consumer Psychology,4,16W,MW 2:00PM-3:50PM,Muhammad Usama Waheed,In Person/On-campus
PSY 212 LEC 1,Theories of Learning,4,16W,TR 10:00AM-11:50AM,Imran Rashid,Remote/Online
PSY 220 LEC 1,Psychopathaology,4,16W,TR 4:00PM-5:50PM,TBA,In Person/On-campus
PSY 300 LEC 1,Social Psychology,4,16W,WF 4:00PM-5:50PM,Imran Rashid,In Person/On-campus
PSY 303 LEC 1,Research Methods in Psychology,4,16W,MW 9:00AM-10:50AM,Amna Waqar Chaudhry,In Person/On-campus
PSY 305 LEC 1,Judgement and Decision Making,4,16W,TR 8:00AM-9:50AM,TBA,In Person/On-campus
PSY 313 LEC 1,"Mind The App: The Psychology of Technology,
the Internet, and Social Media",4,16W,TR 2:30PM-4:20PM,Muhammad Usama Waheed,In Person/On-campus
REL 212 LEC 1,Religion After Modernity,4,16W,MW 6:30PM-8:20PM,"Mian Muhammad Nauman
Faizi",In Person/On-campus
REL 215 LEC 1,Sufism: Key Texts and Cultural Practices,4,16W,TR 10:00AM-11:50AM,Baqar Hassan Syed,Remote/Online
REL 224 LEC 1,"Introduction to Quranic and Modern Standard
Arabic",4,16W,TR 2:00PM-3:50PM,Asif Iftikhar,Remote/Online
REL 232 LEC 1,Approaches to the Study of Islam,4,16W,TR 4:00PM-5:50PM,Irfan Moeen Khan,Remote/Online
REL 333 LEC 1,The Art of Healing in Medieval Islam,4,16W,TR 12:00PM-1:50PM,Tehnyat Majeed,Remote/Online
HIST 3316 w/ REL 333,The Art of Healing in Medieval Islam,4,,,,
REL 412 LEC 1,"Religion, Ethics and Pragmatism",4,16W,TR 10:30AM-12:20PM,"Mian Muhammad Nauman
Faizi",In Person/On-campus
SCI 103 LEC 1,Intro to Environmental Sciences,3,16W,WF 8:00AM-9:15AM,Fozia Parveen,In Person/On-campus
SOC 100 LEC 1,Introduction to Sociology,4,16W,MW 2:00PM-3:50PM,Laila Bushra,Remote/Online
SOC 100 LEC 2,Introduction to Sociology,4,16W,WF 4:00PM-5:50PM,Umair Javed,Remote/Online
SOC 230 LEC 1,Global Cities 1300 A.D - 2000 A.D,4,16W,TR 2:00PM-3:50PM,Laila Bushra,Remote/Online
SOC 237 LEC 1,"Remaking the Modern World: Technology &
Social Change",4,16W,MW 10:00AM-11:50AM,Hassan Javid,Remote/Online
SOC 243 LEC 1,Politics of Class & Markets,4,16W,TR 8:00AM-9:50AM,Hassan Javid,Remote/Online
SOC 265 LEC 1,Introduction to Gender and Sexuality Studies,4,16W,MW 6:30PM-8:20PM,Nida Yasmeen Kirmani,In Person/On-campus
GSS 210 w/ SOC 265,Introduction to Gender and Sexuality Studies,4,,,,
SOC 310 LEC 1,Classical Sociological Theory,4,16W,TR 10:00AM-11:50AM,Umair Javed,Remote/Online
SOC 321 LEC 1,Comparative & International Education,4,16W,TR 4:00PM-5:50PM,Tania Saeed,Remote/Online
EDU 354 w/ SOC 321,Comparative & International Education,4,,,,
SOC 410 LEC 1,Max Weber,4,16W,MW 4:00PM-5:50PM,Basit Bilal Koshul,In Person/On-campus
SOC 433 LEC 1,Islam in the South Asian Present,4,16W,MW 10:00AM-11:50AM,Amen Jaffer,Remote/Online
SS 100 LEC 1,Writing and Communication,4,16W,WF 8:00AM-9:50AM,Aqila Zaman,Remote/Online
SS 100 LEC 2,Writing and Communication,4,16W,MW 12:00PM-1:50PM,Syeda Habibah Hussain Rizvi,In Person/On-campus
SS 100 LEC 3,Writing and Communication,4,16W,TR 10:00AM-11:50AM,"Muhammad Hashim Kaleem
Bhatti",Remote/Online
SS 100 LEC 4,Writing and Communication,4,16W,MW 10:00AM-11:50AM,"Muhammad Hashim Kaleem
Bhatti",Remote/Online
SS 100 LEC 5,Writing and Communication,4,16W,TR 1:30PM-3:20PM,Huda Imtiaz,Remote/Online
SS 100 LEC 6,Writing and Communication,4,16W,WF 2:00PM-3:50PM,Huda Imtiaz,Remote/Online
SS 100 LEC 7,Writing and Communication,4,16W,MW 8:00AM-9:50AM,Hajra Ikram Butt,Remote/Online
SS 100 LEC 8,Writing and Communication,4,16W,MW 12:00PM-1:50PM,TBA,Remote/Online
SS 100 LEC 9,Writing and Communication,4,16W,MW 8:00AM-9:50AM,TBA,Remote/Online
SS 100 LEC 10,Writing and Communication,4,16W,TR 8:00AM-9:50AM,Aqila Zaman,Remote/Online
SS 100 LEC 11,Writing and Communication,4,16W,TR 10:00AM-11:50AM,Syed Javed Nazir,Remote/Online
SS 100 LEC 12,Writing and Communication,4,16W,MW 10:30AM-12:20PM,Syed Javed Nazir,Remote/Online
SS 100 LEC 13,Writing and Communication,4,16W,TR 12:00PM-1:50PM,Farhana Shahzad,Remote/Online
SS 100 LEC 14,Writing and Communication,4,16W,MW 10:00AM-11:50AM,Farhana Shahzad,Remote/Online
SS 100 LEC 15,Writing and Communication,4,16W,TR 4:30PM-6:20PM,Furrha Ahsan,Remote/Online
SS 100 LEC 16,Writing and Communication,4,16W,WF 4:00PM-5:50PM,Furrha Ahsan,Remote/Online
SS 100 LEC 17,Writing and Communication,4,16W,WF 9:00AM-10:50AM,Zainab Sattar,Remote/Online
SS 100 LEC 18,Writing and Communication,4,16W,TR 12:00PM-1:50PM,Zainab Sattar,Remote/Online
SS 100 LEC 19,Writing and Communication,4,16W,TR 11:30AM-1:20PM,Syeda Habibah Hussain Rizvi,In Person/On-campus
SS 100 LEC 20,Writing and Communication,4,16W,TR 10:30AM-12:20PM,Mahrukh Baig,Remote/Online
SS 100 LEC 21,Writing and Communication,4,16W,TR 12:30PM-2:20PM,Aamna Khalid,Remote/Online
SS 100 LEC 22,Writing and Communication,4,16W,TR 8:00AM-9:50AM,Mahrukh Baig,Remote/Online
SS 100A LEC 1,Introduction to Writing,2,16W,WF 4:00PM-4:50PM,Hajra Ikram Butt,Remote/Online
SS 100A LEC 2,Introduction to Writing,2,16W,TR 4:00PM-4:50PM,Uzma Safdar,Remote/Online
SS 100A LEC 3,Introduction to Writing,2,16W,WF 3:00PM-3:50PM,Uzma Safdar,Remote/Online
SS 100A LEC 4,Introduction to Writing,2,16W,WF 5:00PM-5:50PM,Hajra Ikram Butt,Remote/Online
SS 100A LEC 5,Introduction to Writing,2,16W,WF 2:00PM-2:50PM,TBA,Remote/Online
SS 100A LEC 6,Introduction to Writing,2,16W,TR 2:30PM-3:20PM,TBA,Remote/Online
SS 100A LEC 7,Introduction to Writing,2,16W,TR 5:00PM-5:50PM,TBA,Remote/Online
SS 101 LEC 1,Islamic Studies,2,16W,M 8:00AM-9:50AM,Aurangzeb Haneef,Remote/Online
SS 101 LEC 2,Islamic Studies,2,16W,M 10:00AM-11:50AM,Essam Fahim,Remote/Online
SS 101 LEC 3,Islamic Studies,2,16W,W 11:30AM-1:20PM,Essam Fahim,Remote/Online
SS 101 LEC 4,Islamic Studies,2,16W,F 8:00AM-9:50AM,Asif Iftikhar,Remote/Online
SS 101 LEC 5,Islamic Studies,2,16W,W 8:00AM-9:50AM,Baqar Hassan Syed,Remote/Online
SS 102 LEC 1,Pakistan Studies: Culture and Heritage,2,16W,T 8:00AM-9:50AM,Anam Fatima,Remote/Online
SS 102 LEC 2,Pakistan Studies: Culture and Heritage,2,16W,R 8:00AM-9:50AM,Anam Fatima,Remote/Online
SS 102 LEC 3,Pakistan Studies: Culture and Heritage,2,16W,M 8:00AM-9:50AM,Anam Fatima,Remote/Online
SS 102 LEC 4,Pakistan Studies: Culture and Heritage,2,16W,R 10:00AM-11:50AM,Anam Fatima,Remote/Online
SS 102 LEC 5,Pakistan Studies: Culture and Heritage,2,16W,F 8:00AM-9:50AM,TBA,Remote/Online
SS 102 LEC 6,Pakistan Studies: Culture and Heritage,2,16W,M 11:00AM-12:50PM,TBA,Remote/Online
SS 187 LEC 1,Applied Statistics for Humanities,4,16W,TR 12:00PM-1:50PM,Muhammad Saad Imtiaz,In Person/On-campus
SS 2321 LEC 1,Professional Communication Skills,4,16W,TR 4:30PM-6:20PM,Aamna Khalid,Remote/Online
SS 272 LEC 1,Telling Stories with Data,4,16W,MW 10:30AM-12:20PM,Mehr Asma Javed,Remote/Online
SWR 102 PRT 1,Swimming for Beginners,1,16W,TR 9:00AM-10:15AM,Amir Hussain,In Person/On-campus
SWR 102 PRT 1,Swimming for Beginners,1,16W,TR 9:00AM-10:15AM,Muhammad Haider Awan,In Person/On-campus
SWR 102 PRT 2,Swimming for Beginners,1,16W,MW 9:00AM-10:15AM,Rabia Yasin,In Person/On-campus
SWR 102 PRT 2,Swimming for Beginners,1,16W,MW 9:00AM-10:15AM,Nimra Nimra,In Person/On-campus
SWR 102 PRT 3,Swimming for Beginners,1,16W,MW 3:00PM-4:15PM,Azmat Ullah,In Person/On-campus
SWR 102 PRT 3,Swimming for Beginners,1,16W,MW 3:00PM-4:15PM,Rashid Ahmad,In Person/On-campus
SWR 102 PRT 4,Swimming for Beginners,1,16W,TR 3:00PM-4:15PM,Kausar Farooq,In Person/On-campus
SWR 102 PRT 4,Swimming for Beginners,1,16W,TR 3:00PM-4:15PM,Nimra Nimra,In Person/On-campus
SWR 103 PRT 1,Strength Training and Conditioning for Beginners,1,16W,MW 10:00AM-11:15AM,Muhammad Bilal Iqbal Khan,In Person/On-campus
SWR 103 PRT 2,Strength Training and Conditioning for Beginners,1,16W,TR 10:00AM-11:15AM,Mudassar Naseer,In Person/On-campus
SWR 103 PRT 3,Strength Training and Conditioning for Beginners,1,16W,TR 4:30PM-5:45PM,Muhammad Shakeel,In Person/On-campus
SWR 103 PRT 4,Strength Training and Conditioning for Beginners,1,16W,MW 10:00AM-11:15AM,Kanwal Yousaf,In Person/On-campus
SWR 103 PRT 5,Strength Training and Conditioning for Beginners,1,16W,TR 11:30AM-12:45PM,Aruba Naz,In Person/On-campus
SWR 103 PRT 6,Strength Training and Conditioning for Beginners,1,16W,WF 3:00PM-4:15PM,Shabana Kausar,In Person/On-campus
SWR 104 PRT 1,Basketball for beginners,1,16W,MW 11:30AM-12:45PM,Mohsin Riaz,In Person/On-campus
SWR 104 PRT 2,Basketball for beginners,1,16W,MW 10:00AM-11:15AM,Muhammad Zahid Arif,In Person/On-campus
SWR 105 PRT 1,"Walk, Jog and Stretch for Fitness",1,16W,TR 3:30PM-4:45PM,Babar Asad Khan,In Person/On-campus
SWR 105 PRT 2,"Walk, Jog and Stretch for Fitness",1,16W,TR 5:00PM-6:15PM,Babar Asad Khan,In Person/On-campus
,,,,,,
,,,,,,
,,,,,,
,,,,,,
,,,,,,
,,,,,,
,,,,,,
,,,,,,
,,,,,,
,,,,,,
,,,,,,
